alias_card_id,canonical_card_id,canonical_set_id,canonical_local_id,canonical_name,alias_state,asset_liveness,asset_reason,asset_status
swsh12.5-GG01,swsh12.5gg-GG01,swsh12.5gg,GG01,Hisuian Voltorb,A2_ALIAS_IMAGE_CANONICAL_MISSING,ASSET_LIVE,image/webp:20106b,200
swsh12.5-GG02,swsh12.5gg-GG02,swsh12.5gg,GG02,Kricketune,A2_ALIAS_IMAGE_CANONICAL_MISSING,ASSET_LIVE,image/webp:22232b,200
swsh12.5-GG03,swsh12.5gg-GG03,swsh12.5gg,GG03,Magmortar,A2_ALIAS_IMAGE_CANONICAL_MISSING,ASSET_LIVE,image/webp:23960b,200
swsh12.5-GG04,swsh12.5gg-GG04,swsh12.5gg,GG04,Oricorio,A2_ALIAS_IMAGE_CANONICAL_MISSING,ASSET_LIVE,image/webp:31938b,200
swsh12.5-GG05,swsh12.5gg-GG05,swsh12.5gg,GG05,Lapras,A2_ALIAS_IMAGE_CANONICAL_MISSING,ASSET_LIVE,image/webp:18682b,200
swsh12.5-GG06,swsh12.5gg-GG06,swsh12.5gg,GG06,Manaphy,A2_ALIAS_IMAGE_CANONICAL_MISSING,ASSET_LIVE,image/webp:20768b,200
swsh12.5-GG07,swsh12.5gg-GG07,swsh12.5gg,GG07,Keldeo,A2_ALIAS_IMAGE_CANONICAL_MISSING,ASSET_LIVE,image/webp:22550b,200
swsh12.5-GG08,swsh12.5gg-GG08,swsh12.5gg,GG08,Electivire,A2_ALIAS_IMAGE_CANONICAL_MISSING,ASSET_LIVE,image/webp:26244b,200
swsh12.5-GG09,swsh12.5gg-GG09,swsh12.5gg,GG09,Toxtricity,A2_ALIAS_IMAGE_CANONICAL_MISSING,ASSET_LIVE,image/webp:27670b,200
swsh12.5-GG10,swsh12.5gg-GG10,swsh12.5gg,GG10,Mew,A2_ALIAS_IMAGE_CANONICAL_MISSING,ASSET_LIVE,image/webp:25982b,200
swsh12.5-GG11,swsh12.5gg-GG11,swsh12.5gg,GG11,Lunatone,A2_ALIAS_IMAGE_CANONICAL_MISSING,ASSET_LIVE,image/webp:24390b,200
swsh12.5-GG12,swsh12.5gg-GG12,swsh12.5gg,GG12,Deoxys,A2_ALIAS_IMAGE_CANONICAL_MISSING,ASSET_LIVE,image/webp:32466b,200
swsh12.5-GG13,swsh12.5gg-GG13,swsh12.5gg,GG13,Diancie,A2_ALIAS_IMAGE_CANONICAL_MISSING,ASSET_LIVE,image/webp:29034b,200
swsh12.5-GG14,swsh12.5gg-GG14,swsh12.5gg,GG14,Comfey,A2_ALIAS_IMAGE_CANONICAL_MISSING,ASSET_LIVE,image/webp:18860b,200
swsh12.5-GG15,swsh12.5gg-GG15,swsh12.5gg,GG15,Solrock,A2_ALIAS_IMAGE_CANONICAL_MISSING,ASSET_LIVE,image/webp:24040b,200
swsh12.5-GG16,swsh12.5gg-GG16,swsh12.5gg,GG16,Absol,A2_ALIAS_IMAGE_CANONICAL_MISSING,ASSET_LIVE,image/webp:20642b,200
swsh12.5-GG17,swsh12.5gg-GG17,swsh12.5gg,GG17,Thievul,A2_ALIAS_IMAGE_CANONICAL_MISSING,ASSET_LIVE,image/webp:24968b,200
swsh12.5-GG18,swsh12.5gg-GG18,swsh12.5gg,GG18,Magnezone,A2_ALIAS_IMAGE_CANONICAL_MISSING,ASSET_LIVE,image/webp:31758b,200
swsh12.5-GG19,swsh12.5gg-GG19,swsh12.5gg,GG19,Altaria,A2_ALIAS_IMAGE_CANONICAL_MISSING,ASSET_LIVE,image/webp:18814b,200
swsh12.5-GG20,swsh12.5gg-GG20,swsh12.5gg,GG20,Latias,A2_ALIAS_IMAGE_CANONICAL_MISSING,ASSET_LIVE,image/webp:24928b,200
swsh12.5-GG21,swsh12.5gg-GG21,swsh12.5gg,GG21,Hisuian Goodra,A2_ALIAS_IMAGE_CANONICAL_MISSING,ASSET_LIVE,image/webp:20934b,200
swsh12.5-GG22,swsh12.5gg-GG22,swsh12.5gg,GG22,Ditto,A2_ALIAS_IMAGE_CANONICAL_MISSING,ASSET_LIVE,image/webp:21034b,200
swsh12.5-GG23,swsh12.5gg-GG23,swsh12.5gg,GG23,Dunsparce,A2_ALIAS_IMAGE_CANONICAL_MISSING,ASSET_LIVE,image/webp:21270b,200
swsh12.5-GG24,swsh12.5gg-GG24,swsh12.5gg,GG24,Miltank,A2_ALIAS_IMAGE_CANONICAL_MISSING,ASSET_LIVE,image/webp:24984b,200
swsh12.5-GG25,swsh12.5gg-GG25,swsh12.5gg,GG25,Bibarel,A2_ALIAS_IMAGE_CANONICAL_MISSING,ASSET_LIVE,image/webp:21036b,200
swsh12.5-GG26,swsh12.5gg-GG26,swsh12.5gg,GG26,Riolu,A2_ALIAS_IMAGE_CANONICAL_MISSING,ASSET_LIVE,image/webp:16424b,200
swsh12.5-GG27,swsh12.5gg-GG27,swsh12.5gg,GG27,Swablu,A2_ALIAS_IMAGE_CANONICAL_MISSING,ASSET_LIVE,image/webp:14842b,200
swsh12.5-GG28,swsh12.5gg-GG28,swsh12.5gg,GG28,Duskull,A2_ALIAS_IMAGE_CANONICAL_MISSING,ASSET_LIVE,image/webp:15270b,200
swsh12.5-GG29,swsh12.5gg-GG29,swsh12.5gg,GG29,Bidoof,A2_ALIAS_IMAGE_CANONICAL_MISSING,ASSET_LIVE,image/webp:20206b,200
swsh12.5-GG30,swsh12.5gg-GG30,swsh12.5gg,GG30,Pikachu,A2_ALIAS_IMAGE_CANONICAL_MISSING,ASSET_LIVE,image/webp:19276b,200
swsh12.5-GG31,swsh12.5gg-GG31,swsh12.5gg,GG31,Turtwig,A2_ALIAS_IMAGE_CANONICAL_MISSING,ASSET_LIVE,image/webp:18266b,200
swsh12.5-GG32,swsh12.5gg-GG32,swsh12.5gg,GG32,Paras,A2_ALIAS_IMAGE_CANONICAL_MISSING,ASSET_LIVE,image/webp:19776b,200
swsh12.5-GG33,swsh12.5gg-GG33,swsh12.5gg,GG33,Poochyena,A2_ALIAS_IMAGE_CANONICAL_MISSING,ASSET_LIVE,image/webp:15950b,200
swsh12.5-GG34,swsh12.5gg-GG34,swsh12.5gg,GG34,Mareep,A2_ALIAS_IMAGE_CANONICAL_MISSING,ASSET_LIVE,image/webp:17752b,200
swsh12.5-GG35,swsh12.5gg-GG35,swsh12.5gg,GG35,Leafeon VSTAR,A2_ALIAS_IMAGE_CANONICAL_MISSING,ASSET_LIVE,image/webp:30174b,200
swsh12.5-GG36,swsh12.5gg-GG36,swsh12.5gg,GG36,Entei V,A2_ALIAS_IMAGE_CANONICAL_MISSING,ASSET_LIVE,image/webp:28280b,200
swsh12.5-GG37,swsh12.5gg-GG37,swsh12.5gg,GG37,Simisear VSTAR,A2_ALIAS_IMAGE_CANONICAL_MISSING,ASSET_LIVE,image/webp:26322b,200
swsh12.5-GG38,swsh12.5gg-GG38,swsh12.5gg,GG38,Suicune V,A2_ALIAS_IMAGE_CANONICAL_MISSING,ASSET_LIVE,image/webp:24698b,200
swsh12.5-GG39,swsh12.5gg-GG39,swsh12.5gg,GG39,Lumineon V,A2_ALIAS_IMAGE_CANONICAL_MISSING,ASSET_LIVE,image/webp:29510b,200
swsh12.5-GG40,swsh12.5gg-GG40,swsh12.5gg,GG40,Glaceon VSTAR,A2_ALIAS_IMAGE_CANONICAL_MISSING,ASSET_LIVE,image/webp:22802b,200
swsh12.5-GG41,swsh12.5gg-GG41,swsh12.5gg,GG41,Raikou V,A2_ALIAS_IMAGE_CANONICAL_MISSING,ASSET_LIVE,image/webp:25898b,200
swsh12.5-GG42,swsh12.5gg-GG42,swsh12.5gg,GG42,Zeraora VMAX,A2_ALIAS_IMAGE_CANONICAL_MISSING,ASSET_LIVE,image/webp:25592b,200
swsh12.5-GG43,swsh12.5gg-GG43,swsh12.5gg,GG43,Zeraora VSTAR,A2_ALIAS_IMAGE_CANONICAL_MISSING,ASSET_LIVE,image/webp:30390b,200
swsh12.5-GG44,swsh12.5gg-GG44,swsh12.5gg,GG44,Mewtwo VSTAR,A2_ALIAS_IMAGE_CANONICAL_MISSING,ASSET_LIVE,image/webp:31172b,200
swsh12.5-GG45,swsh12.5gg-GG45,swsh12.5gg,GG45,Deoxys VMAX,A2_ALIAS_IMAGE_CANONICAL_MISSING,ASSET_LIVE,image/webp:29788b,200
swsh12.5-GG46,swsh12.5gg-GG46,swsh12.5gg,GG46,Deoxys VSTAR,A2_ALIAS_IMAGE_CANONICAL_MISSING,ASSET_LIVE,image/webp:32410b,200
swsh12.5-GG47,swsh12.5gg-GG47,swsh12.5gg,GG47,Hatterene VMAX,A2_ALIAS_IMAGE_CANONICAL_MISSING,ASSET_LIVE,image/webp:23980b,200
swsh12.5-GG48,swsh12.5gg-GG48,swsh12.5gg,GG48,Zacian V,A2_ALIAS_IMAGE_CANONICAL_MISSING,ASSET_LIVE,image/webp:30214b,200
swsh12.5-GG49,swsh12.5gg-GG49,swsh12.5gg,GG49,Drapion V,A2_ALIAS_IMAGE_CANONICAL_MISSING,ASSET_LIVE,image/webp:27680b,200
swsh12.5-GG50,swsh12.5gg-GG50,swsh12.5gg,GG50,Darkrai VSTAR,A2_ALIAS_IMAGE_CANONICAL_MISSING,ASSET_LIVE,image/webp:29890b,200
swsh12.5-GG51,swsh12.5gg-GG51,swsh12.5gg,GG51,Hisuian Samurott V,A2_ALIAS_IMAGE_CANONICAL_MISSING,ASSET_LIVE,image/webp:22654b,200
swsh12.5-GG52,swsh12.5gg-GG52,swsh12.5gg,GG52,Hisuian Samurott VSTAR,A2_ALIAS_IMAGE_CANONICAL_MISSING,ASSET_LIVE,image/webp:32154b,200
swsh12.5-GG53,swsh12.5gg-GG53,swsh12.5gg,GG53,Hoopa V,A2_ALIAS_IMAGE_CANONICAL_MISSING,ASSET_LIVE,image/webp:23038b,200
swsh12.5-GG54,swsh12.5gg-GG54,swsh12.5gg,GG54,Zamazenta V,A2_ALIAS_IMAGE_CANONICAL_MISSING,ASSET_LIVE,image/webp:34540b,200
swsh12.5-GG55,swsh12.5gg-GG55,swsh12.5gg,GG55,Regigigas VSTAR,A2_ALIAS_IMAGE_CANONICAL_MISSING,ASSET_LIVE,image/webp:27706b,200
swsh12.5-GG56,swsh12.5gg-GG56,swsh12.5gg,GG56,Hisuian Zoroark VSTAR,A2_ALIAS_IMAGE_CANONICAL_MISSING,ASSET_LIVE,image/webp:33132b,200
swsh12.5-GG57,swsh12.5gg-GG57,swsh12.5gg,GG57,Adaman,A2_ALIAS_IMAGE_CANONICAL_MISSING,ASSET_LIVE,image/webp:24434b,200
swsh12.5-GG58,swsh12.5gg-GG58,swsh12.5gg,GG58,Cheren's Care,A2_ALIAS_IMAGE_CANONICAL_MISSING,ASSET_LIVE,image/webp:19672b,200
swsh12.5-GG59,swsh12.5gg-GG59,swsh12.5gg,GG59,Colress's Experiment,A2_ALIAS_IMAGE_CANONICAL_MISSING,ASSET_LIVE,image/webp:23830b,200
swsh12.5-GG60,swsh12.5gg-GG60,swsh12.5gg,GG60,Cynthia's Ambition,A2_ALIAS_IMAGE_CANONICAL_MISSING,ASSET_LIVE,image/webp:22768b,200
swsh12.5-GG61,swsh12.5gg-GG61,swsh12.5gg,GG61,Gardenia's Vigor,A2_ALIAS_IMAGE_CANONICAL_MISSING,ASSET_LIVE,image/webp:21962b,200
swsh12.5-GG62,swsh12.5gg-GG62,swsh12.5gg,GG62,Grant,A2_ALIAS_IMAGE_CANONICAL_MISSING,ASSET_LIVE,image/webp:25606b,200
swsh12.5-GG63,swsh12.5gg-GG63,swsh12.5gg,GG63,Irida,A2_ALIAS_IMAGE_CANONICAL_MISSING,ASSET_LIVE,image/webp:24240b,200
swsh12.5-GG64,swsh12.5gg-GG64,swsh12.5gg,GG64,Melony,A2_ALIAS_IMAGE_CANONICAL_MISSING,ASSET_LIVE,image/webp:20904b,200
swsh12.5-GG65,swsh12.5gg-GG65,swsh12.5gg,GG65,Raihan,A2_ALIAS_IMAGE_CANONICAL_MISSING,ASSET_LIVE,image/webp:22328b,200
swsh12.5-GG66,swsh12.5gg-GG66,swsh12.5gg,GG66,Roxanne,A2_ALIAS_IMAGE_CANONICAL_MISSING,ASSET_LIVE,image/webp:21986b,200
swsh12.5-GG67,swsh12.5gg-GG67,swsh12.5gg,GG67,Origin Forme Palkia VSTAR,A2_ALIAS_IMAGE_CANONICAL_MISSING,ASSET_LIVE,image/webp:28116b,200
swsh12.5-GG68,swsh12.5gg-GG68,swsh12.5gg,GG68,Origin Forme Dialga VSTAR,A2_ALIAS_IMAGE_CANONICAL_MISSING,ASSET_LIVE,image/webp:27936b,200
swsh12.5-GG69,swsh12.5gg-GG69,swsh12.5gg,GG69,Giratina VSTAR,A2_ALIAS_IMAGE_CANONICAL_MISSING,ASSET_LIVE,image/webp:32562b,200
swsh12.5-GG70,swsh12.5gg-GG70,swsh12.5gg,GG70,Arceus VSTAR,A2_ALIAS_IMAGE_CANONICAL_MISSING,ASSET_LIVE,image/webp:28880b,200
swsh4.5-SV001,swsh4.5sv-SV001,swsh4.5sv,SV001,Rowlet,A2_ALIAS_IMAGE_CANONICAL_MISSING,ASSET_LIVE,image/webp:18054b,200
swsh4.5-SV002,swsh4.5sv-SV002,swsh4.5sv,SV002,Dartrix,A2_ALIAS_IMAGE_CANONICAL_MISSING,ASSET_LIVE,image/webp:14460b,200
swsh4.5-SV003,swsh4.5sv-SV003,swsh4.5sv,SV003,Decidueye,A2_ALIAS_IMAGE_CANONICAL_MISSING,ASSET_LIVE,image/webp:19046b,200
swsh4.5-SV004,swsh4.5sv-SV004,swsh4.5sv,SV004,Grookey,A2_ALIAS_IMAGE_CANONICAL_MISSING,ASSET_LIVE,image/webp:14238b,200
swsh4.5-SV005,swsh4.5sv-SV005,swsh4.5sv,SV005,Thwackey,A2_ALIAS_IMAGE_CANONICAL_MISSING,ASSET_LIVE,image/webp:15428b,200
swsh4.5-SV006,swsh4.5sv-SV006,swsh4.5sv,SV006,Rillaboom,A2_ALIAS_IMAGE_CANONICAL_MISSING,ASSET_LIVE,image/webp:18704b,200
swsh4.5-SV007,swsh4.5sv-SV007,swsh4.5sv,SV007,Blipbug,A2_ALIAS_IMAGE_CANONICAL_MISSING,ASSET_LIVE,image/webp:11658b,200
swsh4.5-SV008,swsh4.5sv-SV008,swsh4.5sv,SV008,Dottler,A2_ALIAS_IMAGE_CANONICAL_MISSING,ASSET_LIVE,image/webp:16080b,200
swsh4.5-SV009,swsh4.5sv-SV009,swsh4.5sv,SV009,Orbeetle,A2_ALIAS_IMAGE_CANONICAL_MISSING,ASSET_LIVE,image/webp:17724b,200
swsh4.5-SV010,swsh4.5sv-SV010,swsh4.5sv,SV010,Gossifleur,A2_ALIAS_IMAGE_CANONICAL_MISSING,ASSET_LIVE,image/webp:14556b,200
swsh4.5-SV011,swsh4.5sv-SV011,swsh4.5sv,SV011,Eldegoss,A2_ALIAS_IMAGE_CANONICAL_MISSING,ASSET_LIVE,image/webp:15558b,200
swsh4.5-SV012,swsh4.5sv-SV012,swsh4.5sv,SV012,Applin,A2_ALIAS_IMAGE_CANONICAL_MISSING,ASSET_LIVE,image/webp:13310b,200
swsh4.5-SV013,swsh4.5sv-SV013,swsh4.5sv,SV013,Flapple,A2_ALIAS_IMAGE_CANONICAL_MISSING,ASSET_LIVE,image/webp:18814b,200
swsh4.5-SV014,swsh4.5sv-SV014,swsh4.5sv,SV014,Appletun,A2_ALIAS_IMAGE_CANONICAL_MISSING,ASSET_LIVE,image/webp:16492b,200
swsh4.5-SV015,swsh4.5sv-SV015,swsh4.5sv,SV015,Scorbunny,A2_ALIAS_IMAGE_CANONICAL_MISSING,ASSET_LIVE,image/webp:14466b,200
swsh4.5-SV016,swsh4.5sv-SV016,swsh4.5sv,SV016,Raboot,A2_ALIAS_IMAGE_CANONICAL_MISSING,ASSET_LIVE,image/webp:16786b,200
swsh4.5-SV017,swsh4.5sv-SV017,swsh4.5sv,SV017,Cinderace,A2_ALIAS_IMAGE_CANONICAL_MISSING,ASSET_LIVE,image/webp:18660b,200
swsh4.5-SV018,swsh4.5sv-SV018,swsh4.5sv,SV018,Sizzlipede,A2_ALIAS_IMAGE_CANONICAL_MISSING,ASSET_LIVE,image/webp:15092b,200
swsh4.5-SV019,swsh4.5sv-SV019,swsh4.5sv,SV019,Centiskorch,A2_ALIAS_IMAGE_CANONICAL_MISSING,ASSET_LIVE,image/webp:20420b,200
swsh4.5-SV020,swsh4.5sv-SV020,swsh4.5sv,SV020,Galarian Mr. Mime,A2_ALIAS_IMAGE_CANONICAL_MISSING,ASSET_LIVE,image/webp:17964b,200
swsh4.5-SV021,swsh4.5sv-SV021,swsh4.5sv,SV021,Galarian Mr. Rime,A2_ALIAS_IMAGE_CANONICAL_MISSING,ASSET_LIVE,image/webp:21052b,200
swsh4.5-SV022,swsh4.5sv-SV022,swsh4.5sv,SV022,Suicune,A2_ALIAS_IMAGE_CANONICAL_MISSING,ASSET_LIVE,image/webp:18708b,200
swsh4.5-SV023,swsh4.5sv-SV023,swsh4.5sv,SV023,Galarian Darumaka,A2_ALIAS_IMAGE_CANONICAL_MISSING,ASSET_LIVE,image/webp:15844b,200
swsh4.5-SV024,swsh4.5sv-SV024,swsh4.5sv,SV024,Galarian Darmanitan,A2_ALIAS_IMAGE_CANONICAL_MISSING,ASSET_LIVE,image/webp:20810b,200
swsh4.5-SV025,swsh4.5sv-SV025,swsh4.5sv,SV025,Sobble,A2_ALIAS_IMAGE_CANONICAL_MISSING,ASSET_LIVE,image/webp:15246b,200
swsh4.5-SV026,swsh4.5sv-SV026,swsh4.5sv,SV026,Drizzile,A2_ALIAS_IMAGE_CANONICAL_MISSING,ASSET_LIVE,image/webp:19916b,200
swsh4.5-SV027,swsh4.5sv-SV027,swsh4.5sv,SV027,Inteleon,A2_ALIAS_IMAGE_CANONICAL_MISSING,ASSET_LIVE,image/webp:21882b,200
swsh4.5-SV028,swsh4.5sv-SV028,swsh4.5sv,SV028,Chewtle,A2_ALIAS_IMAGE_CANONICAL_MISSING,ASSET_LIVE,image/webp:15536b,200
swsh4.5-SV029,swsh4.5sv-SV029,swsh4.5sv,SV029,Drednaw,A2_ALIAS_IMAGE_CANONICAL_MISSING,ASSET_LIVE,image/webp:20340b,200
swsh4.5-SV030,swsh4.5sv-SV030,swsh4.5sv,SV030,Cramorant,A2_ALIAS_IMAGE_CANONICAL_MISSING,ASSET_LIVE,image/webp:19542b,200
swsh4.5-SV031,swsh4.5sv-SV031,swsh4.5sv,SV031,Arrokuda,A2_ALIAS_IMAGE_CANONICAL_MISSING,ASSET_LIVE,image/webp:15934b,200
swsh4.5-SV032,swsh4.5sv-SV032,swsh4.5sv,SV032,Barraskewda,A2_ALIAS_IMAGE_CANONICAL_MISSING,ASSET_LIVE,image/webp:18760b,200
swsh4.5-SV033,swsh4.5sv-SV033,swsh4.5sv,SV033,Snom,A2_ALIAS_IMAGE_CANONICAL_MISSING,ASSET_LIVE,image/webp:15372b,200
swsh4.5-SV034,swsh4.5sv-SV034,swsh4.5sv,SV034,Frosmoth,A2_ALIAS_IMAGE_CANONICAL_MISSING,ASSET_LIVE,image/webp:18880b,200
swsh4.5-SV035,swsh4.5sv-SV035,swsh4.5sv,SV035,Eiscue,A2_ALIAS_IMAGE_CANONICAL_MISSING,ASSET_LIVE,image/webp:18416b,200
swsh4.5-SV036,swsh4.5sv-SV036,swsh4.5sv,SV036,Dracovish,A2_ALIAS_IMAGE_CANONICAL_MISSING,ASSET_LIVE,image/webp:19214b,200
swsh4.5-SV037,swsh4.5sv-SV037,swsh4.5sv,SV037,Arctovish,A2_ALIAS_IMAGE_CANONICAL_MISSING,ASSET_LIVE,image/webp:19184b,200
swsh4.5-SV038,swsh4.5sv-SV038,swsh4.5sv,SV038,Rotom,A2_ALIAS_IMAGE_CANONICAL_MISSING,ASSET_LIVE,image/webp:19232b,200
swsh4.5-SV039,swsh4.5sv-SV039,swsh4.5sv,SV039,Yamper,A2_ALIAS_IMAGE_CANONICAL_MISSING,ASSET_LIVE,image/webp:15096b,200
swsh4.5-SV040,swsh4.5sv-SV040,swsh4.5sv,SV040,Boltund,A2_ALIAS_IMAGE_CANONICAL_MISSING,ASSET_LIVE,image/webp:18158b,200
swsh4.5-SV041,swsh4.5sv-SV041,swsh4.5sv,SV041,Toxel,A2_ALIAS_IMAGE_CANONICAL_MISSING,ASSET_LIVE,image/webp:13460b,200
swsh4.5-SV042,swsh4.5sv-SV042,swsh4.5sv,SV042,Toxtricity,A2_ALIAS_IMAGE_CANONICAL_MISSING,ASSET_LIVE,image/webp:18894b,200
swsh4.5-SV043,swsh4.5sv-SV043,swsh4.5sv,SV043,Pincurchin,A2_ALIAS_IMAGE_CANONICAL_MISSING,ASSET_LIVE,image/webp:15366b,200
swsh4.5-SV044,swsh4.5sv-SV044,swsh4.5sv,SV044,Morpeko,A2_ALIAS_IMAGE_CANONICAL_MISSING,ASSET_LIVE,image/webp:18334b,200
swsh4.5-SV045,swsh4.5sv-SV045,swsh4.5sv,SV045,Dracozolt,A2_ALIAS_IMAGE_CANONICAL_MISSING,ASSET_LIVE,image/webp:18594b,200
swsh4.5-SV046,swsh4.5sv-SV046,swsh4.5sv,SV046,Arctozolt,A2_ALIAS_IMAGE_CANONICAL_MISSING,ASSET_LIVE,image/webp:17012b,200
swsh4.5-SV047,swsh4.5sv-SV047,swsh4.5sv,SV047,Galarian Ponyta,A2_ALIAS_IMAGE_CANONICAL_MISSING,ASSET_LIVE,image/webp:13836b,200
swsh4.5-SV048,swsh4.5sv-SV048,swsh4.5sv,SV048,Galarian Rapidash,A2_ALIAS_IMAGE_CANONICAL_MISSING,ASSET_LIVE,image/webp:17334b,200
swsh4.5-SV049,swsh4.5sv-SV049,swsh4.5sv,SV049,Galarian Corsola,A2_ALIAS_IMAGE_CANONICAL_MISSING,ASSET_LIVE,image/webp:12914b,200
swsh4.5-SV050,swsh4.5sv-SV050,swsh4.5sv,SV050,Galarian Cursola,A2_ALIAS_IMAGE_CANONICAL_MISSING,ASSET_LIVE,image/webp:17662b,200
swsh4.5-SV051,swsh4.5sv-SV051,swsh4.5sv,SV051,Dedenne,A2_ALIAS_IMAGE_CANONICAL_MISSING,ASSET_LIVE,image/webp:13768b,200
swsh4.5-SV052,swsh4.5sv-SV052,swsh4.5sv,SV052,Sinistea,A2_ALIAS_IMAGE_CANONICAL_MISSING,ASSET_LIVE,image/webp:13328b,200
swsh4.5-SV053,swsh4.5sv-SV053,swsh4.5sv,SV053,Polteageist,A2_ALIAS_IMAGE_CANONICAL_MISSING,ASSET_LIVE,image/webp:17194b,200
swsh4.5-SV054,swsh4.5sv-SV054,swsh4.5sv,SV054,Hatenna,A2_ALIAS_IMAGE_CANONICAL_MISSING,ASSET_LIVE,image/webp:13722b,200
swsh4.5-SV055,swsh4.5sv-SV055,swsh4.5sv,SV055,Hattrem,A2_ALIAS_IMAGE_CANONICAL_MISSING,ASSET_LIVE,image/webp:14884b,200
swsh4.5-SV056,swsh4.5sv-SV056,swsh4.5sv,SV056,Hatterene,A2_ALIAS_IMAGE_CANONICAL_MISSING,ASSET_LIVE,image/webp:17060b,200
swsh4.5-SV057,swsh4.5sv-SV057,swsh4.5sv,SV057,Milcery,A2_ALIAS_IMAGE_CANONICAL_MISSING,ASSET_LIVE,image/webp:11798b,200
swsh4.5-SV058,swsh4.5sv-SV058,swsh4.5sv,SV058,Alcremie,A2_ALIAS_IMAGE_CANONICAL_MISSING,ASSET_LIVE,image/webp:14080b,200
swsh4.5-SV059,swsh4.5sv-SV059,swsh4.5sv,SV059,Indeedee,A2_ALIAS_IMAGE_CANONICAL_MISSING,ASSET_LIVE,image/webp:14404b,200
swsh4.5-SV060,swsh4.5sv-SV060,swsh4.5sv,SV060,Dreepy,A2_ALIAS_IMAGE_CANONICAL_MISSING,ASSET_LIVE,image/webp:14046b,200
swsh4.5-SV061,swsh4.5sv-SV061,swsh4.5sv,SV061,Drakloak,A2_ALIAS_IMAGE_CANONICAL_MISSING,ASSET_LIVE,image/webp:14738b,200
swsh4.5-SV062,swsh4.5sv-SV062,swsh4.5sv,SV062,Dragapult,A2_ALIAS_IMAGE_CANONICAL_MISSING,ASSET_LIVE,image/webp:16906b,200
swsh4.5-SV063,swsh4.5sv-SV063,swsh4.5sv,SV063,Galarian Farfetch'd,A2_ALIAS_IMAGE_CANONICAL_MISSING,ASSET_LIVE,image/webp:16794b,200
swsh4.5-SV064,swsh4.5sv-SV064,swsh4.5sv,SV064,Galarian Sirfetch'd,A2_ALIAS_IMAGE_CANONICAL_MISSING,ASSET_LIVE,image/webp:18050b,200
swsh4.5-SV065,swsh4.5sv-SV065,swsh4.5sv,SV065,Galarian Yamask,A2_ALIAS_IMAGE_CANONICAL_MISSING,ASSET_LIVE,image/webp:15146b,200
swsh4.5-SV066,swsh4.5sv-SV066,swsh4.5sv,SV066,Galarian Runerigus,A2_ALIAS_IMAGE_CANONICAL_MISSING,ASSET_LIVE,image/webp:20998b,200
swsh4.5-SV067,swsh4.5sv-SV067,swsh4.5sv,SV067,Rolycoly,A2_ALIAS_IMAGE_CANONICAL_MISSING,ASSET_LIVE,image/webp:14164b,200
swsh4.5-SV068,swsh4.5sv-SV068,swsh4.5sv,SV068,Carkol,A2_ALIAS_IMAGE_CANONICAL_MISSING,ASSET_LIVE,image/webp:16052b,200
swsh4.5-SV069,swsh4.5sv-SV069,swsh4.5sv,SV069,Coalossal,A2_ALIAS_IMAGE_CANONICAL_MISSING,ASSET_LIVE,image/webp:18824b,200
swsh4.5-SV070,swsh4.5sv-SV070,swsh4.5sv,SV070,Silicobra,A2_ALIAS_IMAGE_CANONICAL_MISSING,ASSET_LIVE,image/webp:16002b,200
swsh4.5-SV071,swsh4.5sv-SV071,swsh4.5sv,SV071,Sandaconda,A2_ALIAS_IMAGE_CANONICAL_MISSING,ASSET_LIVE,image/webp:18054b,200
swsh4.5-SV072,swsh4.5sv-SV072,swsh4.5sv,SV072,Clobbopus,A2_ALIAS_IMAGE_CANONICAL_MISSING,ASSET_LIVE,image/webp:14880b,200
swsh4.5-SV073,swsh4.5sv-SV073,swsh4.5sv,SV073,Grapploct,A2_ALIAS_IMAGE_CANONICAL_MISSING,ASSET_LIVE,image/webp:20494b,200
swsh4.5-SV074,swsh4.5sv-SV074,swsh4.5sv,SV074,Falinks,A2_ALIAS_IMAGE_CANONICAL_MISSING,ASSET_LIVE,image/webp:18428b,200
swsh4.5-SV075,swsh4.5sv-SV075,swsh4.5sv,SV075,Stonjourner,A2_ALIAS_IMAGE_CANONICAL_MISSING,ASSET_LIVE,image/webp:18072b,200
swsh4.5-SV076,swsh4.5sv-SV076,swsh4.5sv,SV076,Koffing,A2_ALIAS_IMAGE_CANONICAL_MISSING,ASSET_LIVE,image/webp:17742b,200
swsh4.5-SV077,swsh4.5sv-SV077,swsh4.5sv,SV077,Galarian Weezing,A2_ALIAS_IMAGE_CANONICAL_MISSING,ASSET_LIVE,image/webp:20990b,200
swsh4.5-SV078,swsh4.5sv-SV078,swsh4.5sv,SV078,Galarian Zigzagoon,A2_ALIAS_IMAGE_CANONICAL_MISSING,ASSET_LIVE,image/webp:21380b,200
swsh4.5-SV079,swsh4.5sv-SV079,swsh4.5sv,SV079,Galarian Linoone,A2_ALIAS_IMAGE_CANONICAL_MISSING,ASSET_LIVE,image/webp:19838b,200
swsh4.5-SV080,swsh4.5sv-SV080,swsh4.5sv,SV080,Galarian Obstagoon,A2_ALIAS_IMAGE_CANONICAL_MISSING,ASSET_LIVE,image/webp:22772b,200
swsh4.5-SV081,swsh4.5sv-SV081,swsh4.5sv,SV081,Nickit,A2_ALIAS_IMAGE_CANONICAL_MISSING,ASSET_LIVE,image/webp:17856b,200
swsh4.5-SV082,swsh4.5sv-SV082,swsh4.5sv,SV082,Thievul,A2_ALIAS_IMAGE_CANONICAL_MISSING,ASSET_LIVE,image/webp:19502b,200
swsh4.5-SV083,swsh4.5sv-SV083,swsh4.5sv,SV083,Impidimp,A2_ALIAS_IMAGE_CANONICAL_MISSING,ASSET_LIVE,image/webp:18368b,200
swsh4.5-SV084,swsh4.5sv-SV084,swsh4.5sv,SV084,Morgrem,A2_ALIAS_IMAGE_CANONICAL_MISSING,ASSET_LIVE,image/webp:19656b,200
swsh4.5-SV085,swsh4.5sv-SV085,swsh4.5sv,SV085,Grimmsnarl,A2_ALIAS_IMAGE_CANONICAL_MISSING,ASSET_LIVE,image/webp:21758b,200
swsh4.5-SV086,swsh4.5sv-SV086,swsh4.5sv,SV086,Galarian Meowth,A2_ALIAS_IMAGE_CANONICAL_MISSING,ASSET_LIVE,image/webp:20654b,200
swsh4.5-SV087,swsh4.5sv-SV087,swsh4.5sv,SV087,Galarian Perrserker,A2_ALIAS_IMAGE_CANONICAL_MISSING,ASSET_LIVE,image/webp:20562b,200
swsh4.5-SV088,swsh4.5sv-SV088,swsh4.5sv,SV088,Galarian Stunfisk,A2_ALIAS_IMAGE_CANONICAL_MISSING,ASSET_LIVE,image/webp:19686b,200
swsh4.5-SV089,swsh4.5sv-SV089,swsh4.5sv,SV089,Corviknight,A2_ALIAS_IMAGE_CANONICAL_MISSING,ASSET_LIVE,image/webp:19958b,200
swsh4.5-SV090,swsh4.5sv-SV090,swsh4.5sv,SV090,Cufant,A2_ALIAS_IMAGE_CANONICAL_MISSING,ASSET_LIVE,image/webp:16876b,200
swsh4.5-SV091,swsh4.5sv-SV091,swsh4.5sv,SV091,Copperajah,A2_ALIAS_IMAGE_CANONICAL_MISSING,ASSET_LIVE,image/webp:20666b,200
swsh4.5-SV092,swsh4.5sv-SV092,swsh4.5sv,SV092,Duraludon,A2_ALIAS_IMAGE_CANONICAL_MISSING,ASSET_LIVE,image/webp:17936b,200
swsh4.5-SV093,swsh4.5sv-SV093,swsh4.5sv,SV093,Minccino,A2_ALIAS_IMAGE_CANONICAL_MISSING,ASSET_LIVE,image/webp:15282b,200
swsh4.5-SV094,swsh4.5sv-SV094,swsh4.5sv,SV094,Cinccino,A2_ALIAS_IMAGE_CANONICAL_MISSING,ASSET_LIVE,image/webp:17476b,200
swsh4.5-SV095,swsh4.5sv-SV095,swsh4.5sv,SV095,Ducklett,A2_ALIAS_IMAGE_CANONICAL_MISSING,ASSET_LIVE,image/webp:12366b,200
swsh4.5-SV096,swsh4.5sv-SV096,swsh4.5sv,SV096,Swanna,A2_ALIAS_IMAGE_CANONICAL_MISSING,ASSET_LIVE,image/webp:17768b,200
swsh4.5-SV097,swsh4.5sv-SV097,swsh4.5sv,SV097,Bunnelby,A2_ALIAS_IMAGE_CANONICAL_MISSING,ASSET_LIVE,image/webp:14304b,200
swsh4.5-SV098,swsh4.5sv-SV098,swsh4.5sv,SV098,Oranguru,A2_ALIAS_IMAGE_CANONICAL_MISSING,ASSET_LIVE,image/webp:17274b,200
swsh4.5-SV099,swsh4.5sv-SV099,swsh4.5sv,SV099,Skwovet,A2_ALIAS_IMAGE_CANONICAL_MISSING,ASSET_LIVE,image/webp:13400b,200
swsh4.5-SV100,swsh4.5sv-SV100,swsh4.5sv,SV100,Greedent,A2_ALIAS_IMAGE_CANONICAL_MISSING,ASSET_LIVE,image/webp:16940b,200
swsh4.5-SV101,swsh4.5sv-SV101,swsh4.5sv,SV101,Rookidee,A2_ALIAS_IMAGE_CANONICAL_MISSING,ASSET_LIVE,image/webp:14906b,200
swsh4.5-SV102,swsh4.5sv-SV102,swsh4.5sv,SV102,Corvisquire,A2_ALIAS_IMAGE_CANONICAL_MISSING,ASSET_LIVE,image/webp:16256b,200
swsh4.5-SV103,swsh4.5sv-SV103,swsh4.5sv,SV103,Wooloo,A2_ALIAS_IMAGE_CANONICAL_MISSING,ASSET_LIVE,image/webp:14072b,200
swsh4.5-SV104,swsh4.5sv-SV104,swsh4.5sv,SV104,Dubwool,A2_ALIAS_IMAGE_CANONICAL_MISSING,ASSET_LIVE,image/webp:16840b,200
swsh4.5-SV105,swsh4.5sv-SV105,swsh4.5sv,SV105,Rillaboom V,A2_ALIAS_IMAGE_CANONICAL_MISSING,ASSET_LIVE,image/webp:22804b,200
swsh4.5-SV106,swsh4.5sv-SV106,swsh4.5sv,SV106,Rillaboom VMAX,A2_ALIAS_IMAGE_CANONICAL_MISSING,ASSET_LIVE,image/webp:25880b,200
swsh4.5-SV107,swsh4.5sv-SV107,swsh4.5sv,SV107,Charizard VMAX,A2_ALIAS_IMAGE_CANONICAL_MISSING,ASSET_LIVE,image/webp:23882b,200
swsh4.5-SV108,swsh4.5sv-SV108,swsh4.5sv,SV108,Centiskorch V,A2_ALIAS_IMAGE_CANONICAL_MISSING,ASSET_LIVE,image/webp:24020b,200
swsh4.5-SV109,swsh4.5sv-SV109,swsh4.5sv,SV109,Centiskorch VMAX,A2_ALIAS_IMAGE_CANONICAL_MISSING,ASSET_LIVE,image/webp:28886b,200
swsh4.5-SV110,swsh4.5sv-SV110,swsh4.5sv,SV110,Lapras V,A2_ALIAS_IMAGE_CANONICAL_MISSING,ASSET_LIVE,image/webp:18836b,200
swsh4.5-SV111,swsh4.5sv-SV111,swsh4.5sv,SV111,Lapras VMAX,A2_ALIAS_IMAGE_CANONICAL_MISSING,ASSET_LIVE,image/webp:23658b,200
swsh4.5-SV112,swsh4.5sv-SV112,swsh4.5sv,SV112,Toxtricity V,A2_ALIAS_IMAGE_CANONICAL_MISSING,ASSET_LIVE,image/webp:20548b,200
swsh4.5-SV113,swsh4.5sv-SV113,swsh4.5sv,SV113,Toxtricity VMAX,A2_ALIAS_IMAGE_CANONICAL_MISSING,ASSET_LIVE,image/webp:22170b,200
swsh4.5-SV114,swsh4.5sv-SV114,swsh4.5sv,SV114,Indeedee V,A2_ALIAS_IMAGE_CANONICAL_MISSING,ASSET_LIVE,image/webp:18744b,200
swsh4.5-SV115,swsh4.5sv-SV115,swsh4.5sv,SV115,Falinks V,A2_ALIAS_IMAGE_CANONICAL_MISSING,ASSET_LIVE,image/webp:23084b,200
swsh4.5-SV116,swsh4.5sv-SV116,swsh4.5sv,SV116,Grimmsnarl V,A2_ALIAS_IMAGE_CANONICAL_MISSING,ASSET_LIVE,image/webp:18588b,200
swsh4.5-SV117,swsh4.5sv-SV117,swsh4.5sv,SV117,Grimmsnarl VMAX,A2_ALIAS_IMAGE_CANONICAL_MISSING,ASSET_LIVE,image/webp:23884b,200
swsh4.5-SV118,swsh4.5sv-SV118,swsh4.5sv,SV118,Ditto V,A2_ALIAS_IMAGE_CANONICAL_MISSING,ASSET_LIVE,image/webp:18632b,200
swsh4.5-SV119,swsh4.5sv-SV119,swsh4.5sv,SV119,Ditto VMAX,A2_ALIAS_IMAGE_CANONICAL_MISSING,ASSET_LIVE,image/webp:16998b,200
swsh4.5-SV120,swsh4.5sv-SV120,swsh4.5sv,SV120,Dubwool V,A2_ALIAS_IMAGE_CANONICAL_MISSING,ASSET_LIVE,image/webp:20180b,200
swsh4.5-SV121,swsh4.5sv-SV121,swsh4.5sv,SV121,Eternatus V,A2_ALIAS_IMAGE_CANONICAL_MISSING,ASSET_LIVE,image/webp:33958b,200
swsh4.5-SV122,swsh4.5sv-SV122,swsh4.5sv,SV122,Eternatus VMAX,A2_ALIAS_IMAGE_CANONICAL_MISSING,ASSET_LIVE,image/webp:31340b,200
