set_id,set_name,series,set_release_date,cards_total,image_missing,image_populated,pct_missing,coverage_class
B2a,Paldean Wonders,Pokémon TCG Pocket,2026-02-26,131,131,0,100.00,fully_missing
swsh4.5sv,Shining Fates Shiny Vault,Sword & Shield,2021-02-19,122,122,0,100.00,fully_missing
sm3.5,Shining Legends,Sun & Moon,2017-10-06,78,78,0,100.00,fully_missing
sm7.5,Dragon Majesty,Sun & Moon,2018-09-07,78,78,0,100.00,fully_missing
swsh12.5gg,Crown Zenith Galarian Gallery,Sword & Shield,2023-01-20,70,70,0,100.00,fully_missing
smp,SM Black Star Promos,Sun & Moon,2017-02-03,248,67,181,27.02,partially_missing
mep,MEP Black Star Promos,Mega Evolution,2025-09-26,60,60,0,100.00,fully_missing
ecard2,Aquapolis,E-Card,2003-01-15,185,40,145,21.62,partially_missing
mfb,My First Battle,Scarlet & Violet,2023-09-29,34,34,0,100.00,fully_missing
svp,SVP Black Star Promos,Scarlet & Violet,2023-03-31,226,34,192,15.04,partially_missing
ecard3,Skyridge,E-Card,2003-05-12,182,32,150,17.58,partially_missing
swsh10.5tg,Astral Radiance Trainer Gallery,Sword & Shield,2022-05-27,30,30,0,100.00,fully_missing
swsh11.5tg,Lost Origin Trainer Gallery,Sword & Shield,2022-09-09,30,30,0,100.00,fully_missing
swsh12.5tg,Silver Tempest Trainer Gallery,Sword & Shield,2022-11-11,30,30,0,100.00,fully_missing
swsh9.5tg,Brilliant Stars Trainer Gallery,Sword & Shield,2022-02-25,30,30,0,100.00,fully_missing
tk-bw-e,BW trainer Kit (Excadrill),Trainer kits,2011-09-01,30,30,0,100.00,fully_missing
tk-bw-z,BW trainer Kit (Zoroark),Trainer kits,2011-09-01,30,30,0,100.00,fully_missing
tk-xy-b,XY trainer Kit (Bisharp),Trainer kits,2014-11-01,30,30,0,100.00,fully_missing
tk-xy-latia,XY trainer Kit (Latias),Trainer kits,2015-04-29,30,30,0,100.00,fully_missing
tk-xy-latio,XY trainer Kit (Latios),Trainer kits,2015-04-29,30,30,0,100.00,fully_missing
tk-xy-n,XY trainer Kit (Noivern),Trainer kits,2014-03-12,30,30,0,100.00,fully_missing
tk-xy-p,XY trainer Kit (Pikachu Libre),Trainer kits,2016-04-27,30,30,0,100.00,fully_missing
tk-xy-su,XY trainer Kit (Suicune),Trainer kits,2016-04-27,30,30,0,100.00,fully_missing
tk-xy-sy,XY trainer Kit (Sylveon),Trainer kits,2014-03-12,30,30,0,100.00,fully_missing
tk-xy-w,XY trainer Kit (Wigglytuff),Trainer kits,2014-11-01,30,30,0,100.00,fully_missing
exu,Unseen Forces Unown Collection,EX,2005-08-22,27,27,0,100.00,fully_missing
P-A,Promos-A,Pokémon TCG Pocket,2024-10-30,100,27,73,27.00,partially_missing
cel25,Celebrations,Sword & Shield,2021-10-08,50,26,24,52.00,partially_missing
2021swsh,McDonald's Collection 2021,McDonald's Collection,2021-02-09,25,25,0,100.00,fully_missing
cel25cc,Celebrations Classic Collection,Sword & Shield,2021-10-08,25,25,0,100.00,fully_missing
sve,Scarlet & Violet Energy,Scarlet & Violet,2023-03-31,24,24,0,100.00,fully_missing
tk-sm-r,SM trainer Kit (Alolan Raichu),Trainer kits,2017-04-21,19,19,0,100.00,fully_missing
tk-sm-l,SM trainer Kit (Lycanroc),Trainer kits,2017-04-21,18,18,0,100.00,fully_missing
swshp,SWSH Black Star Promos,Sword & Shield,2019-11-15,302,17,285,5.63,partially_missing
2022swsh,McDonald's Collection 2022,McDonald's Collection,2022-08-03,15,15,0,100.00,fully_missing
2023sv,McDonald's Collection 2023,McDonald's Collection,2023-08-01,15,15,0,100.00,fully_missing
2024sv,McDonald's Collection 2024,McDonald's Collection,2024-12-04,15,15,0,100.00,fully_missing
2011bw,McDonald's Collection 2011,McDonald's Collection,2011-06-17,12,12,0,100.00,fully_missing
2012bw,McDonald's Collection 2012,McDonald's Collection,2012-06-15,12,12,0,100.00,fully_missing
2014xy,McDonald's Collection 2014,McDonald's Collection,2014-05-23,12,12,0,100.00,fully_missing
2015xy,McDonald's Collection 2015,McDonald's Collection,2015-11-27,12,12,0,100.00,fully_missing
2016xy,McDonald's Collection 2016,McDonald's Collection,2016-08-20,12,12,0,100.00,fully_missing
2017sm,McDonald's Collection 2017,McDonald's Collection,2017-08-03,12,12,0,100.00,fully_missing
2018sm,McDonald's Collection 2018,McDonald's Collection,2018-10-19,12,12,0,100.00,fully_missing
2019sm,McDonald's Collection 2019,McDonald's Collection,2019-10-15,12,12,0,100.00,fully_missing
tk-dp-m,DP trainer Kit (Manaphy),Trainer kits,2007-09-01,12,12,0,100.00,fully_missing
tk-ex-m,EX trainer Kit 2 (Minun),Trainer kits,2006-03-01,12,12,0,100.00,fully_missing
tk-ex-p,EX trainer Kit 2 (Plusle),Trainer kits,2006-03-01,12,12,0,100.00,fully_missing
tk-dp-l,DP trainer Kit (Lucario),Trainer kits,2007-09-01,11,11,0,100.00,fully_missing
tk-ex-latia,EX trainer Kit (Latias),Trainer kits,2004-07-01,10,10,0,100.00,fully_missing
tk-ex-latio,EX trainer Kit (Latios),Trainer kits,2004-07-01,10,10,0,100.00,fully_missing
bog,Best of game,E-Card,2002-12-01,9,9,0,100.00,fully_missing
hgssp,HGSS Black Star Promos,HeartGold & SoulSilver,2010-02-11,25,9,16,36.00,partially_missing
mee,Mega Evolution Energy,Mega Evolution,2025-09-25,8,8,0,100.00,fully_missing
sm6,Forbidden Light,Sun & Moon,2018-05-04,146,6,140,4.11,partially_missing
xya,Yellow A Alternate,XY,2014-02-05,6,6,0,100.00,fully_missing
ex5.5,Poké Card Creator Pack,EX,2004-07-01,5,5,0,100.00,fully_missing
bwp,BW Black Star Promos,Black & White,2011-04-26,101,3,98,2.97,partially_missing
xyp,XY Black Star Promos,XY,2013-10-12,216,3,213,1.39,partially_missing
pop6,POP Series 6,POP,2007-09-01,17,2,15,11.76,partially_missing
B1a,Crimson Blaze,Pokémon TCG Pocket,2025-12-17,103,1,102,0.97,partially_missing
miscp,Miscellaneous Promos,Miscellaneous,1996-01-01,1,1,0,100.00,fully_missing
pl2,Rising Rivals,Platinum,2009-05-16,120,1,119,0.83,partially_missing
sm2,Guardians Rising,Sun & Moon,2017-05-05,169,1,168,0.59,partially_missing
tk-hs-g,HS trainer Kit (Gyarados),Trainer kits,2010-05-01,1,1,0,100.00,fully_missing
tk-hs-r,HS trainer Kit (Raichu),Trainer kits,2010-05-01,1,1,0,100.00,fully_missing
xy8,BREAKthrough,XY,2015-11-04,165,1,164,0.61,partially_missing
A1,Genetic Apex,Pokémon TCG Pocket,2024-10-30,286,0,286,0.00,fully_covered
A1a,Mythical Island,Pokémon TCG Pocket,2024-12-17,86,0,86,0.00,fully_covered
A2,Space-Time Smackdown,Pokémon TCG Pocket,2025-01-30,207,0,207,0.00,fully_covered
A2a,Triumphant Light,Pokémon TCG Pocket,2025-02-28,96,0,96,0.00,fully_covered
A2b,Shining Revelry,Pokémon TCG Pocket,2025-03-27,111,0,111,0.00,fully_covered
A3,Celestial Guardians,Pokémon TCG Pocket,2025-04-30,239,0,239,0.00,fully_covered
A3a,Extradimensional Crisis,Pokémon TCG Pocket,2025-05-29,103,0,103,0.00,fully_covered
A3b,Eevee Grove,Pokémon TCG Pocket,2025-06-26,107,0,107,0.00,fully_covered
A4,Wisdom of Sea and Sky,Pokémon TCG Pocket,2025-07-30,241,0,241,0.00,fully_covered
A4a,Secluded Springs,Pokémon TCG Pocket,2025-08-28,105,0,105,0.00,fully_covered
B1,Mega Rising,Pokémon TCG Pocket,2025-10-30,331,0,331,0.00,fully_covered
B2,Fantastical Parade,Pokémon TCG Pocket,2026-01-29,234,0,234,0.00,fully_covered
base1,Base Set,Base,1999-01-09,102,0,102,0.00,fully_covered
base2,Jungle,Base,1999-06-16,64,0,64,0.00,fully_covered
base3,Fossil,Base,1999-10-10,62,0,62,0.00,fully_covered
base4,Base Set 2,Base,2000-02-24,130,0,130,0.00,fully_covered
base5,Team Rocket,Base,2000-04-24,83,0,83,0.00,fully_covered
basep,Wizards Black Star Promos,Base,1999-07-01,53,0,53,0.00,fully_covered
bw1,Black & White,Black & White,2011-04-25,115,0,115,0.00,fully_covered
bw10,Plasma Blast,Black & White,2013-08-14,105,0,105,0.00,fully_covered
bw11,Legendary Treasures,Black & White,2013-11-06,140,0,140,0.00,fully_covered
bw2,Emerging Powers,Black & White,2011-08-31,98,0,98,0.00,fully_covered
bw3,Noble Victories,Black & White,2011-11-16,102,0,102,0.00,fully_covered
bw4,Next Destinies,Black & White,2012-02-08,103,0,103,0.00,fully_covered
bw5,Dark Explorers,Black & White,2012-05-09,111,0,111,0.00,fully_covered
bw6,Dragons Exalted,Black & White,2012-08-15,128,0,128,0.00,fully_covered
bw7,Boundaries Crossed,Black & White,2012-11-07,153,0,153,0.00,fully_covered
bw8,Plasma Storm,Black & White,2013-02-06,138,0,138,0.00,fully_covered
bw9,Plasma Freeze,Black & White,2013-05-08,122,0,122,0.00,fully_covered
col1,Call of Legends,Call of Legends,2011-02-09,106,0,106,0.00,fully_covered
dc1,Double Crisis,XY,2015-03-25,34,0,34,0.00,fully_covered
det1,Detective Pikachu,Sun & Moon,2019-03-29,18,0,18,0.00,fully_covered
dp1,Diamond & Pearl,Diamond & Pearl,2007-05-01,130,0,130,0.00,fully_covered
dp2,Mysterious Treasures,Diamond & Pearl,2007-08-01,124,0,124,0.00,fully_covered
dp3,Secret Wonders,Diamond & Pearl,2007-11-01,132,0,132,0.00,fully_covered
dp4,Great Encounters,Diamond & Pearl,2008-02-01,106,0,106,0.00,fully_covered
dp5,Majestic Dawn,Diamond & Pearl,2008-05-01,100,0,100,0.00,fully_covered
dp6,Legends Awakened,Diamond & Pearl,2008-08-01,146,0,146,0.00,fully_covered
dp7,Stormfront,Diamond & Pearl,2008-11-01,106,0,106,0.00,fully_covered
dpp,DP Black Star Promos,Diamond & Pearl,2007-05-01,56,0,56,0.00,fully_covered
dv1,Dragon Vault,Black & White,2012-10-05,21,0,21,0.00,fully_covered
ecard1,Expedition Base Set,E-Card,2002-09-15,165,0,165,0.00,fully_covered
ex1,Ruby & Sapphire,EX,2003-07-01,109,0,109,0.00,fully_covered
ex10,Unseen Forces,EX,2005-08-22,117,0,117,0.00,fully_covered
ex11,Delta Species,EX,2005-10-31,114,0,114,0.00,fully_covered
ex12,Legend Maker,EX,2006-02-13,93,0,93,0.00,fully_covered
ex13,Holon Phantoms,EX,2006-05-03,111,0,111,0.00,fully_covered
ex14,Crystal Guardians,EX,2006-08-30,100,0,100,0.00,fully_covered
ex15,Dragon Frontiers,EX,2006-11-08,101,0,101,0.00,fully_covered
ex16,Power Keepers,EX,2007-02-17,108,0,108,0.00,fully_covered
ex2,Sandstorm,EX,2003-09-18,100,0,100,0.00,fully_covered
ex3,Dragon,EX,2003-11-24,100,0,100,0.00,fully_covered
ex4,Team Magma vs Team Aqua,EX,2004-03-01,97,0,97,0.00,fully_covered
ex5,Hidden Legends,EX,2004-06-01,102,0,102,0.00,fully_covered
ex6,FireRed & LeafGreen,EX,2004-09-01,116,0,116,0.00,fully_covered
ex7,Team Rocket Returns,EX,2004-11-01,111,0,111,0.00,fully_covered
ex8,Deoxys,EX,2005-02-01,108,0,108,0.00,fully_covered
ex9,Emerald,EX,2005-05-09,107,0,107,0.00,fully_covered
fut2020,Pokémon Futsal 2020,Sword & Shield,2020-09-11,5,0,5,0.00,fully_covered
g1,Generations,XY,2016-02-22,117,0,117,0.00,fully_covered
gym1,Gym Heroes,Gym,2000-08-14,132,0,132,0.00,fully_covered
gym2,Gym Challenge,Gym,2000-10-16,132,0,132,0.00,fully_covered
hgss1,HeartGold SoulSilver,HeartGold & SoulSilver,2010-02-10,124,0,124,0.00,fully_covered
hgss2,Unleashed,HeartGold & SoulSilver,2010-05-12,96,0,96,0.00,fully_covered
hgss3,Undaunted,HeartGold & SoulSilver,2010-08-18,91,0,91,0.00,fully_covered
hgss4,Triumphant,HeartGold & SoulSilver,2010-11-03,103,0,103,0.00,fully_covered
lc,Legendary Collection,Legendary Collection,2002-05-24,110,0,110,0.00,fully_covered
me01,Mega Evolution,Mega Evolution,2025-09-26,188,0,188,0.00,fully_covered
me02,Phantasmal Flames,Mega Evolution,2025-11-14,130,0,130,0.00,fully_covered
me02.5,Ascended Heroes,Mega Evolution,2026-01-30,295,0,295,0.00,fully_covered
me03,Perfect Order,Mega Evolution,2026-03-27,124,0,124,0.00,fully_covered
me04,Chaos Rising,Mega Evolution,2026-05-22,122,0,122,0.00,fully_covered
me05,Pitch Black,Mega Evolution,2026-07-17,120,0,120,0.00,fully_covered
neo1,Neo Genesis,Neo,2000-12-16,111,0,111,0.00,fully_covered
neo2,Neo Discovery,Neo,2001-06-01,75,0,75,0.00,fully_covered
neo3,Neo Revelation,Neo,2001-09-21,66,0,66,0.00,fully_covered
neo4,Neo Destiny,Neo,2002-02-28,113,0,113,0.00,fully_covered
np,Nintendo Black Star Promos,POP,2003-10-01,40,0,40,0.00,fully_covered
pl1,Platinum,Platinum,2009-02-11,133,0,133,0.00,fully_covered
pl3,Supreme Victors,Platinum,2009-08-19,153,0,153,0.00,fully_covered
pl4,Arceus,Platinum,2009-11-04,111,0,111,0.00,fully_covered
pop1,POP Series 1,POP,2004-09-01,17,0,17,0.00,fully_covered
pop2,POP Series 2,POP,2005-08-01,17,0,17,0.00,fully_covered
pop3,POP Series 3,POP,2006-04-01,17,0,17,0.00,fully_covered
pop4,POP Series 4,POP,2006-08-01,17,0,17,0.00,fully_covered
pop5,POP Series 5,POP,2007-03-01,17,0,17,0.00,fully_covered
pop7,POP Series 7,POP,2008-03-01,17,0,17,0.00,fully_covered
pop8,POP Series 8,POP,2008-09-01,17,0,17,0.00,fully_covered
pop9,POP Series 9,POP,2009-03-01,17,0,17,0.00,fully_covered
ru1,Pokémon Rumble,Platinum,2009-12-02,16,0,16,0.00,fully_covered
si1,Southern Islands,Neo,2001-07-31,18,0,18,0.00,fully_covered
sm1,Sun & Moon,Sun & Moon,2017-02-03,172,0,172,0.00,fully_covered
sm10,Unbroken Bonds,Sun & Moon,2019-05-03,234,0,234,0.00,fully_covered
sm11,Unified Minds,Sun & Moon,2019-08-02,258,0,258,0.00,fully_covered
sm115,Hidden Fates,Sun & Moon,2019-08-23,69,0,69,0.00,fully_covered
sm12,Cosmic Eclipse,Sun & Moon,2019-11-01,271,0,271,0.00,fully_covered
sm3,Burning Shadows,Sun & Moon,2017-08-04,169,0,169,0.00,fully_covered
sm4,Crimson Invasion,Sun & Moon,2017-11-03,125,0,125,0.00,fully_covered
sm5,Ultra Prism,Sun & Moon,2018-02-02,173,0,173,0.00,fully_covered
sm7,Celestial Storm,Sun & Moon,2018-08-03,183,0,183,0.00,fully_covered
sm8,Lost Thunder,Sun & Moon,2018-11-02,236,0,236,0.00,fully_covered
sm9,Team Up,Sun & Moon,2019-01-31,196,0,196,0.00,fully_covered
sma,Hidden Fates Shiny Vault,Sun & Moon,2019-08-23,94,0,94,0.00,fully_covered
sv01,Scarlet & Violet,Scarlet & Violet,2023-03-31,258,0,258,0.00,fully_covered
sv02,Paldea Evolved,Scarlet & Violet,2023-06-09,279,0,279,0.00,fully_covered
sv03,Obsidian Flames,Scarlet & Violet,2023-08-11,230,0,230,0.00,fully_covered
sv03.5,151,Scarlet & Violet,2023-09-22,207,0,207,0.00,fully_covered
sv04,Paradox Rift,Scarlet & Violet,2023-11-03,266,0,266,0.00,fully_covered
sv04.5,Paldean Fates,Scarlet & Violet,2024-01-26,245,0,245,0.00,fully_covered
sv05,Temporal Forces,Scarlet & Violet,2024-03-22,218,0,218,0.00,fully_covered
sv06,Twilight Masquerade,Scarlet & Violet,2024-05-24,226,0,226,0.00,fully_covered
sv06.5,Shrouded Fable,Scarlet & Violet,2024-08-02,99,0,99,0.00,fully_covered
sv07,Stellar Crown,Scarlet & Violet,2024-09-13,175,0,175,0.00,fully_covered
sv08,Surging Sparks,Scarlet & Violet,2024-11-08,252,0,252,0.00,fully_covered
sv08.5,Prismatic Evolutions,Scarlet & Violet,2025-01-17,180,0,180,0.00,fully_covered
sv09,Journey Together,Scarlet & Violet,2025-03-28,190,0,190,0.00,fully_covered
sv10,Destined Rivals,Scarlet & Violet,2025-05-30,244,0,244,0.00,fully_covered
sv10.5b,Black Bolt,Scarlet & Violet,2025-07-17,172,0,172,0.00,fully_covered
sv10.5w,White Flare,Scarlet & Violet,2025-07-17,173,0,173,0.00,fully_covered
swsh1,Sword & Shield,Sword & Shield,2020-02-07,216,0,216,0.00,fully_covered
swsh10,Astral Radiance,Sword & Shield,2022-05-27,246,0,246,0.00,fully_covered
swsh10.5,Pokémon GO,Sword & Shield,2022-07-01,88,0,88,0.00,fully_covered
swsh11,Lost Origin,Sword & Shield,2022-09-09,247,0,247,0.00,fully_covered
swsh12,Silver Tempest,Sword & Shield,2022-11-11,245,0,245,0.00,fully_covered
swsh12.5,Crown Zenith,Sword & Shield,2023-01-20,160,0,160,0.00,fully_covered
swsh2,Rebel Clash,Sword & Shield,2020-05-01,209,0,209,0.00,fully_covered
swsh3,Darkness Ablaze,Sword & Shield,2020-08-14,201,0,201,0.00,fully_covered
swsh3.5,Champion's Path,Sword & Shield,2020-09-25,80,0,80,0.00,fully_covered
swsh4,Vivid Voltage,Sword & Shield,2020-11-13,203,0,203,0.00,fully_covered
swsh4.5,Shining Fates,Sword & Shield,2021-02-19,73,0,73,0.00,fully_covered
swsh5,Battle Styles,Sword & Shield,2021-03-19,183,0,183,0.00,fully_covered
swsh6,Chilling Reign,Sword & Shield,2021-06-18,233,0,233,0.00,fully_covered
swsh7,Evolving Skies,Sword & Shield,2021-08-27,237,0,237,0.00,fully_covered
swsh8,Fusion Strike,Sword & Shield,2021-11-12,284,0,284,0.00,fully_covered
swsh9,Brilliant Stars,Sword & Shield,2022-02-25,216,0,216,0.00,fully_covered
xy0,Kalos Starter Set,XY,2013-11-08,39,0,39,0.00,fully_covered
xy1,XY,XY,2014-02-05,146,0,146,0.00,fully_covered
xy10,Fates Collide,XY,2016-05-02,129,0,129,0.00,fully_covered
xy11,Steam Siege,XY,2016-08-03,116,0,116,0.00,fully_covered
xy12,Evolutions,XY,2016-11-02,113,0,113,0.00,fully_covered
xy2,Flashfire,XY,2014-05-07,110,0,110,0.00,fully_covered
xy3,Furious Fists,XY,2014-08-13,114,0,114,0.00,fully_covered
xy4,Phantom Forces,XY,2014-11-05,124,0,124,0.00,fully_covered
xy5,Primal Clash,XY,2015-02-04,164,0,164,0.00,fully_covered
xy6,Roaring Skies,XY,2015-05-06,112,0,112,0.00,fully_covered
xy7,Ancient Origins,XY,2015-08-12,101,0,101,0.00,fully_covered
xy9,BREAKpoint,XY,2016-02-03,126,0,126,0.00,fully_covered